{"IcoMoonType":"selection","icons":[{"icon":{"paths":["M512 704l352-336.722-82.758-79.278-269.242 257.724-269.183-257.724-82.817 79.222 352 336.778z"],"attrs":[{"fill":"rgb(135, 146, 167)"}],"isMulticolor":false,"isMulticolor2":false,"grid":0,"tags":["arr-poppup"]},"attrs":[{"fill":"rgb(135, 146, 167)"}],"properties":{"order":2,"id":0,"name":"arr-poppup","prevSize":32,"code":59648},"setIdx":0,"setId":0,"iconIdx":0}],"height":1024,"metadata":{"name":"icomoon"},"preferences":{"showGlyphs":true,"showQuickUse":true,"showQuickUse2":true,"showSVGs":true,"fontPref":{"prefix":"icon-","metadata":{"fontFamily":"icomoon"},"metrics":{"emSize":1024,"baseline":6.25,"whitespace":50},"embed":false},"imagePref":{"prefix":"icon-","png":true,"useClassSelector":true,"color":0,"bgColor":16777215,"classSelector":".icon"},"historySize":50,"showCodes":true,"gridSize":16}}